ldl_statin_group_f,hscrp_high,se
"LDL<e2><89><a4>70, Statin",0.22434878623192345,0.030309742172482265
"LDL<e2><89><a4>70, No Statin",0.14526605860069233,0.020377764724864106
"LDL 70-130, Statin",0.20139958454766835,0.018022004665121567
"LDL 70-130, No Statin",0.17719395762711818,0.008360960925825897
"LDL>130, Statin",0.26994791115712263,0.04578708641045533
"LDL>130, No Statin",0.1976230768691602,0.012767774843302711
