glycemic_cat,rir,se
Normal,0.15259086024639998,0.09320342167309673
Prediabetes,0.17355432128032391,0.051746613785348033
Diabetes,0.26196636443522153,0.04796536115673182
